{
    " ?": {
        "precision": 0.9209385783298825,
        "recall": 0.9246376811594202,
        "f1-score": 0.9225233828772516,
        "support": 345
    },
    " Private": {
        "precision": 0.8541768701639973,
        "recall": 0.8596374889478338,
        "f1-score": 0.8558300715926835,
        "support": 4524
    },
    " Local-gov": {
        "precision": 0.8282201108499183,
        "recall": 0.8325471698113207,
        "f1-score": 0.829718454159726,
        "support": 424
    },
    " Self-emp-not-inc": {
        "precision": 0.8094109597065647,
        "recall": 0.8185328185328186,
        "f1-score": 0.808901654545175,
        "support": 518
    },
    " Federal-gov": {
        "precision": 0.8306258604257121,
        "recall": 0.8309859154929577,
        "f1-score": 0.8295821440269525,
        "support": 213
    },
    " Self-emp-inc": {
        "precision": 0.764352509469697,
        "recall": 0.7638888888888888,
        "f1-score": 0.7641041319251436,
        "support": 216
    },
    " State-gov": {
        "precision": 0.8672888344568603,
        "recall": 0.8694029850746269,
        "f1-score": 0.8676537303323364,
        "support": 268
    },
    " Without-pay": {
        "precision": 1.0,
        "recall": 1.0,
        "f1-score": 1.0,
        "support": 4
    },
    " Never-worked": {
        "precision": 1.0,
        "recall": 1.0,
        "f1-score": 1.0,
        "support": 1
    }
}