{
    " Private": {
        "precision": 0.9695084326901648,
        "recall": 0.9697371327590015,
        "f1-score": 0.9694952386438642,
        "support": 4527
    },
    " State-gov": {
        "precision": 0.9772727272727273,
        "recall": 0.9772727272727273,
        "f1-score": 0.9772727272727273,
        "support": 264
    },
    " Self-emp-inc": {
        "precision": 0.9509130869795377,
        "recall": 0.9466019417475728,
        "f1-score": 0.9469370034906642,
        "support": 206
    },
    " ?": {
        "precision": 0.976327113466,
        "recall": 0.9765013054830287,
        "f1-score": 0.9754273419010459,
        "support": 383
    },
    " Self-emp-not-inc": {
        "precision": 0.9608846296763259,
        "recall": 0.9592233009708738,
        "f1-score": 0.9583949205928313,
        "support": 515
    },
    " Federal-gov": {
        "precision": 0.9715639810426541,
        "recall": 0.9715639810426541,
        "f1-score": 0.9715639810426541,
        "support": 211
    },
    " Local-gov": {
        "precision": 0.9606453074884954,
        "recall": 0.9603960396039604,
        "f1-score": 0.960492962166628,
        "support": 404
    },
    " Without-pay": {
        "precision": 1.0,
        "recall": 1.0,
        "f1-score": 1.0,
        "support": 2
    },
    " Never-worked": {
        "precision": 1.0,
        "recall": 1.0,
        "f1-score": 1.0,
        "support": 1
    }
}